INSERT INTO RDE8002 (condicion) VALUES ("Ingresos Brutos Locales"),
("Convenio Multilateral"),
("Regimen Simplificado"),
("Exento de pleno derecho - no inscripto");

INSERT INTO RDE8001 (caracter)
 VALUES ("Locacion"),
 ("Dominio"),
 ("Usufructo"),
 ("Concesión"),
 ("Uso o Tenencia precaria");


INSERT INTO RDE8000 (ID,CODIGO,DESCRIPCION,activo) 
VALUES (1,2095,"ACTIVIDADES NO CLASIFICADAS ANTERIORES A NAPIB",null),
(2,691,"ACTIVIDADES NO NAPIB DE CM OTRAS SEDES",null),
(4,266,"Cultivo de trigo, excepto forrajero y el de semilla para siembra ",null),
(5,490,"Cultivo de maiz, excepto forrajero y el de semilla para siembra",null),
(6,1907,"Cultivo de cereales n.c.p., excepto los forrajeros y las semillas",null),
(10,1041,"Cultivo de soja, excepto el de semillas para siembra",null),
(11,1159,"Cultivo de girasol, excepto el de semillas para siembra",null),
(12,717,"Cultivo de oleaginosas n.c.p. excepto el de semillas para siembra",null),
(13,1041,"Cultivo de pastos forrajeros",null),
(25,622,"Cultivo de manzana y pera",null),
(35,926,"Cultivo de vid para vinificar",null),
(40,1349,"Produccion de semillas hibridas de cereales y oleaginosas",null),
(45,1349,"Cria de ganado bovino -excepto en caba?as y para la produccion de leche-",null),
(46,691,"Invernada de ganado excepto el engorde en corrales (Fed-Lot)",null),
(49,266,"Cria de ganado porcino, excepto en cabañas",null),
(56,490,"Produccion de leche de ganado bovino",null),
(61,1907,"Cria de ganado n.c.p.",null),
(80,1041,"Servicios para el control de plagas, ba?os parasiticidas, etc.",null),
(88,1159,"Extraccion de productos forestales de bosques cultivados",null);




INSERT INTO RDE0000 (id,cuit,cuit_representado,partida,domicilio,superficie_afectada,nro_habilitacion,fecha_inicio,fecha_cese,fecha_operacion, movimiento, no_aplica, deleted_at, condicion_id,tipo_domicilio,telefono,tipo_telefono,no_corresponde_habilitacion,habilitacion_en_tramite)
VALUES (54265,20109641864,30707893784,1234567,"Avenida corriente 447",456,159753,"01/02/1998",null,"2021-05-22 10:32:18.2604430","INSERT",0,null,1,null,42016598,"Fijo",0,0 ),
(54266,20128883550,30604710827,null,"Tte Gral Juan D Peron 5879",null,null,null,null,"2021-05-22 10:34:42.0748800","INSERT",1,null,2,"Fiscal",1144778899,"Fijo",1,0 ),
(54267,20330797429,20330797429,null,"Francisco Bilbao 789",null,null,null,null,"2021-05-22 10:37:01.9658030","INSERT",1,null,3,"Fiscal",1155669988,"Celular",1,0 ),
(54269,20120849620,30711817154,null,"PARANA 471",null,null,null,null,"2021-05-22 10:40:36.0874200","INSERT",1,null,2,"Fiscal",42223333,"Fijo",1,0 ),
(54271,27184226338,27184226338,3216548,"MARIO BRAVO 639",47,456921,"04/03/2015",null,"2021-05-22 10:45:48.4161610","INSERT",0,null,3,null,57778888,"Fijo",0,0 ),
(54272,20932332532,20932332532,7539568,"TTE GRAL JUAN DOMINGO PERON 749",258,null,"01/08/2016",null,"2021-05-22 10:46:36.6194510","INSERT",0,null,1,null,1144887799,"Celular",1,0 ),
(54273,20174441899,20174441899,6549823,"GRAL HORNOS 456",null,null,"14/04/2014",null,"2021-05-22 10:46:57.4609930","INSERT",0,null,4,null,46669999,"Celular",1,0 ),
(54274,20216244010,30693040333,null,"GRAL RODRIGUEZ 1236",null,null,null,null,"2021-05-22 10:48:07.6882250","INSERT",1,null,2,"Fiscal",45553333,"Fijo",1,0 ),
(54275,27940334255,27940334255,1478956,"INCLAN 2365",null,null,"01/01/2014",null,"2021-05-22 10:50:25.2360630","INSERT",0,null,2,null,58889999,"Celular",1,0 ),
(54276,20214412676,30709177164,null,"URUGUAY 745",null,null,null,null,"2021-05-22 10:52:36.8270500","INSERT",1,null,2,"Fiscal",78889999,"Fijo",1,0 ),
(54277,20167656553,20167656553,null,"Anchorena 3659",null,null,null,null,"2021-05-22 10:55:11.8964170","INSERT",1,null,1,"Fiscal",null,null,1,0 ),
(54279,20149581848,20149581848,2583697,"MARIO BRAVO 654",86,753286,"01/10/2019",null,"2021-05-22 10:57:40.3199450","INSERT",0,null,1,null,36666888,"Fijo",0,0 ),
(54280,20234804457,20234804457,null,"JULIAN ALVAREZ 1478",null,null,null,null,"2021-05-22 10:57:45.5520840","INSERT",1,null,2,"Fiscal",57771111,"Celular",1,0 ),
(54281,20132834513,30691144433,null,"PARANA 321",null,null,null,null,"2021-05-22 10:58:40.3622760","INSERT",1,null,2,"Fiscal",29996666,"Fijo",1,0 ),
(54283,20235674808,20235674808,null,"PALESTINA 1256",null,null,null,null,"2021-05-22 11:01:36.1007530","INSERT",1,null,2,"Fiscal",37772222,"Fijo",1,0 ),
(54284,20393224496,20393224496,null,"BOYACA 897",null,null,null,null,"2021-05-22 11:02:22.0451660","INSERT",1,null,1,"Fiscal",64444999,"Fijo",1,0 ),
(54285,20140145522,20140145522,null,"Av ¨Pueyrredón 4569",null,null,null,null,"2021-05-22 11:02:46.3724850","INSERT",1,null,1,"Fiscal",null,null,1,0 ),
(54286,20936822542,20936822542,7418526,"PERDRIEL 789",963,49632,"01/11/2008",null,"2021-05-22 11:03:04.3052430","INSERT",0,null,1,null,21113333,"Fijo",0,0 ),
(54288,20173111925,30711428654,null,"PARANA 471",null,null,null,null,"2021-05-22 11:05:49.0471890","INSERT",1,null,2,"Fiscal",12223333,"Fijo",1,0 );

INSERT INTO RDE0003 (id,operacion_id,observacion)
VALUES 
(11,54265,"XXXXXXXXXXXXXXXXXXXXXXXXXXXXXXXXXXXXXXXXXXXXXXXXXXXXXXXXXXXXXXX"),
(13,54266,"XXXXXXXXXXXXXXXXXXXXXXXXXXXXXXXXXXXXXXXXXXXXXXXXXXXXXXXXXXXXXXX"),
(14,54267,"XXXXXXXXXXXXXXXXXXXXXXXXXXXXXXXXXXXXXXXXXXXXXXXXXXXXXXXXXXXXXXX"),
(15,54269,"XXXXXXXXXXXXXXXXXXXXXXXXXXXXXXXXXXXXXXXXXXXXXXXXXXXXXXXXXXXXXXX"),
(17,54271,"XXXXXXXXXXXXXXXXXXXXXXXXXXXXXXXXXXXXXXXXXXXXXXXXXXXXXXXXXXXXXXX"),
(25,54272,"XXXXXXXXXXXXXXXXXXXXXXXXXXXXXXXXXXXXXXXXXXXXXXXXXXXXXXXXXXXXXXX"),
(28,54273,"XXXXXXXXXXXXXXXXXXXXXXXXXXXXXXXXXXXXXXXXXXXXXXXXXXXXXXXXXXXXXXX"),
(42,54274,"XXXXXXXXXXXXXXXXXXXXXXXXXXXXXXXXXXXXXXXXXXXXXXXXXXXXXXXXXXXXXXX"),
(43,54275,"XXXXXXXXXXXXXXXXXXXXXXXXXXXXXXXXXXXXXXXXXXXXXXXXXXXXXXXXXXXXXXX"),
(45,54276,"XXXXXXXXXXXXXXXXXXXXXXXXXXXXXXXXXXXXXXXXXXXXXXXXXXXXXXXXXXXXXXX"),
(47,54277,"XXXXXXXXXXXXXXXXXXXXXXXXXXXXXXXXXXXXXXXXXXXXXXXXXXXXXXXXXXXXXXX"),
(56,54279,"XXXXXXXXXXXXXXXXXXXXXXXXXXXXXXXXXXXXXXXXXXXXXXXXXXXXXXXXXXXXXXX"),
(59,54280,"XXXXXXXXXXXXXXXXXXXXXXXXXXXXXXXXXXXXXXXXXXXXXXXXXXXXXXXXXXXXXXX"),
(74,54281,"XXXXXXXXXXXXXXXXXXXXXXXXXXXXXXXXXXXXXXXXXXXXXXXXXXXXXXXXXXXXXXX"),
(82,54283,"XXXXXXXXXXXXXXXXXXXXXXXXXXXXXXXXXXXXXXXXXXXXXXXXXXXXXXXXXXXXXXX"),
(84,54284,"XXXXXXXXXXXXXXXXXXXXXXXXXXXXXXXXXXXXXXXXXXXXXXXXXXXXXXXXXXXXXXX"),
(87,54285,"XXXXXXXXXXXXXXXXXXXXXXXXXXXXXXXXXXXXXXXXXXXXXXXXXXXXXXXXXXXXXXX"),
(88,54286,"XXXXXXXXXXXXXXXXXXXXXXXXXXXXXXXXXXXXXXXXXXXXXXXXXXXXXXXXXXXXXXX"),
(96,54288,"XXXXXXXXXXXXXXXXXXXXXXXXXXXXXXXXXXXXXXXXXXXXXXXXXXXXXXXXXXXXXXX");

INSERT INTO RDE0002 (id,operacion_id,actividad_id,principal)
VALUES (8,54265,1,1),
(9,54266,2,0),
(10,54267,4,1),
(11,54269,5,1),
(12,54271,6,1),
(13,54272,10,1),
(14,54273,11,0),
(15,54274,12,1),
(16,54275,13,1),
(17,54276,25,1),
(18,54277,35,1),
(19,54279,40,1),
(20,54280,45,1),
(1,54281,46,0),
(2,54283,49,1),
(3,54284,56,1),
(4,54285,61,1),
(5,54286,80,1),
(6,54288,88,0);

INSERT INTO RDE0001 (id,operacion_id,caracter_id,cuit_titular,razon_social)
VALUES 
(70575,54265,2,30707893784,"AAAAAAAAAAAAAAAAAAAAAAA"),
(70577,54266,1,30604710827,"BBBBBBBBBBBBBBBBBBBBBBB"),
(70578,54267,2,20330797429,"CCCCCCCCCCCCCCCCCCCCCCC"),
(70579,54269,5,30711817154,"DDDDDDDDDDDDDDDDDDDDDDD"),
(70580,54271,5,27184226338,"EEEEEEEEEEEEEEEEEEEEEEE"),
(70581,54272,1,20932332532,"FFFFFFFFFFFFFFFFFFFFFFF"),
(70582,54273,1,20174441899,"GGGGGGGGGGGGGGGGGGGGGGG"),
(70583,54274,5,30693040333,"HHHHHHHHHHHHHHHHHHHHHHH"),
(70587,54275,2,27940334255,"IIIIIIIIIIIIIIIIIIIIIII"),
(70589,54276,2,30709177164,"JJJJJJJJJJJJJJJJJJJJJJJ"),
(70591,54277,2,20167656553,"KKKKKKKKKKKKKKKKKKKKKKK"),
(70592,54279,2,20149581848,"LLLLLLLLLLLLLLLLLLLLLLL"),
(70594,54280,2,20234804457,"MMMMMMMMMMMMMMMMMMMMMMM"),
(70599,54281,2,30691144433,"NNNNNNNNNNNNNNNNNNNNNNN"),
(70601,54283,2,20235674808,"OOOOOOOOOOOOOOOOOOOOOOO"),
(70602,54284,2,20393224496,"PPPPPPPPPPPPPPPPPPPPPPP"),
(70604,54285,2,20140145522,"QQQQQQQQQQQQQQQQQQQQQQQ"),
(70610,54286,3,20936822542,"RRRRRRRRRRRRRRRRRRRRRRR"),
(70612,54288,2,30711428654,"SSSSSSSSSSSSSSSSSSSSSSS");


SELECT d.cuit, d.cuit_representado,d.domicilio,d.tipo_telefono, d.telefono, rde8000.CODIGO, rde8000.DESCRIPCION, rde8001.caracter, rde8002.condicion FROM RDE0000 as d 
INNER JOIN RDE0002 as rde2 ON d.id = rde2.operacion_id
INNER JOIN RDE8000 as rde8000 ON rde2.actividad_id = rde8000.id 
INNER JOIN RDE0001 as rde0001 ON rde0001.operacion_id = d.id
INNER JOIN RDE8001 as rde8001 ON rde8001.id = rde0001.caracter_id 
INNER JOIN RDE8002 as rde8002 ON d.condicion_id = rde8002.id
ORDER BY d.fecha_operacion;



